﻿<?xml version="1.0" encoding="utf-8"?>
<ImportExportXml version="9.2.23083.184" SolutionPackageVersion="9.2" languagecode="1033" generatedBy="CrmLive" xmlns:xsi="http://www.w3.org/2001/XMLSchema-instance">
  <SolutionManifest>
    <UniqueName>Hackathon</UniqueName>
    <LocalizedNames>
      <LocalizedName description="Hackathon" languagecode="1033" />
    </LocalizedNames>
    <Descriptions />
    <Version>1.0.0.0</Version>
    <Managed>0</Managed>
    <Publisher>
      <UniqueName>NickandCam</UniqueName>
      <LocalizedNames>
        <LocalizedName description="Nick and Cam" languagecode="1033" />
      </LocalizedNames>
      <Descriptions />
      <EMailAddress xsi:nil="true"></EMailAddress>
      <SupportingWebsiteUrl xsi:nil="true"></SupportingWebsiteUrl>
      <CustomizationPrefix>nmcd</CustomizationPrefix>
      <CustomizationOptionValuePrefix>69840</CustomizationOptionValuePrefix>
      <Addresses>
        <Address>
          <AddressNumber>1</AddressNumber>
          <AddressTypeCode>1</AddressTypeCode>
          <City xsi:nil="true"></City>
          <County xsi:nil="true"></County>
          <Country xsi:nil="true"></Country>
          <Fax xsi:nil="true"></Fax>
          <FreightTermsCode xsi:nil="true"></FreightTermsCode>
          <ImportSequenceNumber xsi:nil="true"></ImportSequenceNumber>
          <Latitude xsi:nil="true"></Latitude>
          <Line1 xsi:nil="true"></Line1>
          <Line2 xsi:nil="true"></Line2>
          <Line3 xsi:nil="true"></Line3>
          <Longitude xsi:nil="true"></Longitude>
          <Name xsi:nil="true"></Name>
          <PostalCode xsi:nil="true"></PostalCode>
          <PostOfficeBox xsi:nil="true"></PostOfficeBox>
          <PrimaryContactName xsi:nil="true"></PrimaryContactName>
          <ShippingMethodCode>1</ShippingMethodCode>
          <StateOrProvince xsi:nil="true"></StateOrProvince>
          <Telephone1 xsi:nil="true"></Telephone1>
          <Telephone2 xsi:nil="true"></Telephone2>
          <Telephone3 xsi:nil="true"></Telephone3>
          <TimeZoneRuleVersionNumber xsi:nil="true"></TimeZoneRuleVersionNumber>
          <UPSZone xsi:nil="true"></UPSZone>
          <UTCOffset xsi:nil="true"></UTCOffset>
          <UTCConversionTimeZoneCode xsi:nil="true"></UTCConversionTimeZoneCode>
        </Address>
        <Address>
          <AddressNumber>2</AddressNumber>
          <AddressTypeCode>1</AddressTypeCode>
          <City xsi:nil="true"></City>
          <County xsi:nil="true"></County>
          <Country xsi:nil="true"></Country>
          <Fax xsi:nil="true"></Fax>
          <FreightTermsCode xsi:nil="true"></FreightTermsCode>
          <ImportSequenceNumber xsi:nil="true"></ImportSequenceNumber>
          <Latitude xsi:nil="true"></Latitude>
          <Line1 xsi:nil="true"></Line1>
          <Line2 xsi:nil="true"></Line2>
          <Line3 xsi:nil="true"></Line3>
          <Longitude xsi:nil="true"></Longitude>
          <Name xsi:nil="true"></Name>
          <PostalCode xsi:nil="true"></PostalCode>
          <PostOfficeBox xsi:nil="true"></PostOfficeBox>
          <PrimaryContactName xsi:nil="true"></PrimaryContactName>
          <ShippingMethodCode>1</ShippingMethodCode>
          <StateOrProvince xsi:nil="true"></StateOrProvince>
          <Telephone1 xsi:nil="true"></Telephone1>
          <Telephone2 xsi:nil="true"></Telephone2>
          <Telephone3 xsi:nil="true"></Telephone3>
          <TimeZoneRuleVersionNumber xsi:nil="true"></TimeZoneRuleVersionNumber>
          <UPSZone xsi:nil="true"></UPSZone>
          <UTCOffset xsi:nil="true"></UTCOffset>
          <UTCConversionTimeZoneCode xsi:nil="true"></UTCConversionTimeZoneCode>
        </Address>
      </Addresses>
    </Publisher>
    <RootComponents>
      <RootComponent type="1" schemaName="contact" behavior="2" />
      <RootComponent type="1" schemaName="nmcd_appeal" behavior="0" />
      <RootComponent type="1" schemaName="nmcd_project" behavior="0" />
      <RootComponent type="1" schemaName="nmcd_transaction" behavior="0" />
      <RootComponent type="1" schemaName="nmcd_transactiontype" behavior="0" />
      <RootComponent type="29" id="{dd41420f-5758-ee11-be6e-6045bda8a6d7}" behavior="0" />
      <RootComponent type="300" schemaName="nmcd_postbook_dab41" behavior="0" />
      <RootComponent type="62" schemaName="nmcd_IncomeTracker" behavior="0" />
      <RootComponent type="80" schemaName="nmcd_IncomeTracker" behavior="0" />
    </RootComponents>
    <MissingDependencies>
      <MissingDependency>
        <Required type="1" schemaName="msdyn_aimodel" displayName="AI Model" solution="msdyn_AISolution (202308.1.8.7)" />
        <Dependent type="300" schemaName="nmcd_postbook_dab41" displayName="Post Book" />
      </MissingDependency>
      <MissingDependency>
        <Required type="61" schemaName="msdyn_/Images/AppModule_Default_Icon.png" displayName="msdyn_/Images/AppModule_Default_Icon.png" solution="AppModuleWebResources (2.5)" />
        <Dependent type="80" schemaName="nmcd_IncomeTracker" displayName="Income Tracker" />
      </MissingDependency>
      <MissingDependency>
        <Required type="connectionreference" displayName="new_sharedopen20ai5fe1f7ebdcf599ba005fb1f474d878e1ee20_c57a6" solution="Active" id.connectionreferencelogicalname="new_sharedopen20ai5fe1f7ebdcf599ba005fb1f474d878e1ee20_c57a6" />
        <Dependent type="29" displayName="Generate thank you email" id="{dd41420f-5758-ee11-be6e-6045bda8a6d7}" />
      </MissingDependency>
    </MissingDependencies>
  </SolutionManifest>
</ImportExportXml>